ISO,Country,Description,Price / msg
,Unknown,SATELLITE Outbound SMS - Com4 Sweden,0.10000
,Unknown,SATELLITE Outbound SMS - Iridium Communications,0.10000
,Unknown,SATELLITE Outbound SMS - Other,0.10000
AD,Andorra,ANDORRA Outbound SMS - Mobiland,0.13170
AD,Andorra,ANDORRA Outbound SMS - Other,0.13170
AE,United Arab Emirates,UNITED ARAB EMIRATES Outbound SMS - Etisalat,0.10920
AE,United Arab Emirates,UNITED ARAB EMIRATES Outbound SMS - Other,0.10920
AE,United Arab Emirates,UNITED ARAB EMIRATES Outbound SMS - du,0.10920
AF,Afghanistan,AFGHANISTAN Outbound SMS - AWCC,0.37560
AF,Afghanistan,AFGHANISTAN Outbound SMS - Afghan Telecom,0.37560
AF,Afghanistan,AFGHANISTAN Outbound SMS - Etisalat,0.37560
AF,Afghanistan,AFGHANISTAN Outbound SMS - MTN,0.37560
AF,Afghanistan,AFGHANISTAN Outbound SMS - Other,0.37560
AF,Afghanistan,AFGHANISTAN Outbound SMS - Roshan,0.37560
AG,Antigua and Barbuda,ANTIGUA AND BARBUDA Outbound SMS - APUA,0.09800
AG,Antigua and Barbuda,ANTIGUA AND BARBUDA Outbound SMS - Cable & Wireless,0.09800
AG,Antigua and Barbuda,ANTIGUA AND BARBUDA Outbound SMS - Digicel,0.09800
AG,Antigua and Barbuda,ANTIGUA AND BARBUDA Outbound SMS - LIME,0.09800
AG,Antigua and Barbuda,ANTIGUA AND BARBUDA Outbound SMS - Other,0.09800
AI,Anguilla,ANGUILLA Outbound SMS - Digicel,0.13210
AI,Anguilla,ANGUILLA Outbound SMS - LIME,0.13210
AI,Anguilla,ANGUILLA Outbound SMS - Other,0.13210
AI,Anguilla,ANGUILLA Outbound SMS - Weblinks,0.13210
AL,Albania,ALBANIA Outbound SMS - AMC,0.09100
AL,Albania,ALBANIA Outbound SMS - Eagle Mobile,0.09100
AL,Albania,ALBANIA Outbound SMS - Other,0.09100
AL,Albania,ALBANIA Outbound SMS - Plus Communications,0.09100
AL,Albania,ALBANIA Outbound SMS - Vodafone,0.09100
AM,Armenia,ARMENIA Outbound SMS - Beeline,0.13840
AM,Armenia,ARMENIA Outbound SMS - Karabakh Telecom,0.13840
AM,Armenia,ARMENIA Outbound SMS - Orange,0.13840
AM,Armenia,ARMENIA Outbound SMS - Other,0.13840
AM,Armenia,ARMENIA Outbound SMS - Viva Cell,0.13840
AO,Angola,ANGOLA Outbound SMS - Movicel,0.08870
AO,Angola,ANGOLA Outbound SMS - Other,0.08870
AO,Angola,ANGOLA Outbound SMS - Unitel,0.08870
AR,Argentina,ARGENTINA Outbound SMS - Claro,0.07430
AR,Argentina,ARGENTINA Outbound SMS - NEXTEL,0.07430
AR,Argentina,ARGENTINA Outbound SMS - Other,0.07430
AR,Argentina,ARGENTINA Outbound SMS - Personal,0.07430
AR,Argentina,ARGENTINA Outbound SMS - movistar,0.07430
AS,American Samoa,AMERICAN SAMOA Outbound SMS - Bluesky,0.18810
AT,Austria,AUSTRIA Outbound SMS - 3,0.09790
AT,Austria,AUSTRIA Outbound SMS - A1,0.09790
AT,Austria,AUSTRIA Outbound SMS - Barablu Mobile,0.09790
AT,Austria,AUSTRIA Outbound SMS - Lycamobile,0.09790
AT,Austria,AUSTRIA Outbound SMS - MASS Response,0.09790
AT,Austria,AUSTRIA Outbound SMS - Other,0.09790
AT,Austria,AUSTRIA Outbound SMS - Smartspace,0.09790
AT,Austria,AUSTRIA Outbound SMS - T-Mobile,0.09790
AT,Austria,AUSTRIA Outbound SMS - Tele2,0.09790
AT,Austria,AUSTRIA Outbound SMS - UPC,0.09790
AT,Austria,AUSTRIA Outbound SMS - m:tel,0.09790
AU,Australia,AUSTRALIA Outbound SMS - 3,0.05150
AU,Australia,AUSTRALIA Outbound SMS - Lycamobile,0.05150
AU,Australia,AUSTRALIA Outbound SMS - Optus,0.05150
AU,Australia,AUSTRALIA Outbound SMS - Other,0.05150
AU,Australia,AUSTRALIA Outbound SMS - Pivotel,0.05150
AU,Australia,AUSTRALIA Outbound SMS - Telstra,0.05150
AU,Australia,AUSTRALIA Outbound SMS - Vodafone,0.05150
AW,Aruba,ARUBA Outbound SMS - Digicel,0.10340
AW,Aruba,ARUBA Outbound SMS - Other,0.10340
AW,Aruba,ARUBA Outbound SMS - SETAR,0.10340
AZ,Azerbaijan,AZERBAIJAN Outbound SMS - AzerCell,0.38770
AZ,Azerbaijan,AZERBAIJAN Outbound SMS - BakCell,0.38770
AZ,Azerbaijan,AZERBAIJAN Outbound SMS - CATEL,0.38770
AZ,Azerbaijan,AZERBAIJAN Outbound SMS - Nar Mobile,0.38770
AZ,Azerbaijan,AZERBAIJAN Outbound SMS - Other,0.38770
BA,Bosnia and Herzegovina,BOSNIA AND HERZEGOVINA Outbound SMS - BH Mobile,0.08400
BA,Bosnia and Herzegovina,BOSNIA AND HERZEGOVINA Outbound SMS - ERONET,0.08400
BA,Bosnia and Herzegovina,BOSNIA AND HERZEGOVINA Outbound SMS - Other,0.08400
BA,Bosnia and Herzegovina,BOSNIA AND HERZEGOVINA Outbound SMS - mtel,0.08400
BB,Barbados,BARBADOS Outbound SMS - Digicel,0.12280
BB,Barbados,BARBADOS Outbound SMS - LIME,0.12280
BB,Barbados,BARBADOS Outbound SMS - Other,0.12280
BD,Bangladesh,BANGLADESH Outbound SMS - Airtel,0.26530
BD,Bangladesh,BANGLADESH Outbound SMS - Banglalink,0.26530
BD,Bangladesh,BANGLADESH Outbound SMS - Citycell,0.26530
BD,Bangladesh,BANGLADESH Outbound SMS - Grameenphone,0.26530
BD,Bangladesh,BANGLADESH Outbound SMS - Other,0.26530
BD,Bangladesh,BANGLADESH Outbound SMS - Robi,0.26530
BD,Bangladesh,BANGLADESH Outbound SMS - Teletalk,0.26530
BE,Belgium,BELGIUM Outbound SMS - BASE,0.10500
BE,Belgium,BELGIUM Outbound SMS - JOIN Experience,0.10500
BE,Belgium,BELGIUM Outbound SMS - Lycamobile,0.10500
BE,Belgium,BELGIUM Outbound SMS - Mobistar,0.10500
BE,Belgium,BELGIUM Outbound SMS - Other,0.10500
BE,Belgium,BELGIUM Outbound SMS - Proximus,0.10500
BE,Belgium,BELGIUM Outbound SMS - Telenet Mobile,0.10500
BF,Burkina Faso,BURKINA FASO Outbound SMS - Airtel,0.13290
BF,Burkina Faso,BURKINA FASO Outbound SMS - Onatel,0.13290
BF,Burkina Faso,BURKINA FASO Outbound SMS - Other,0.13290
BF,Burkina Faso,BURKINA FASO Outbound SMS - Telecel Faso,0.13290
BG,Bulgaria,BULGARIA Outbound SMS - M-Tel,0.12340
BG,Bulgaria,BULGARIA Outbound SMS - Other,0.12340
BG,Bulgaria,BULGARIA Outbound SMS - TELENOR,0.12340
BG,Bulgaria,BULGARIA Outbound SMS - VIVACOM,0.12340
BH,Bahrain,BAHRAIN Outbound SMS - BATELCO,0.03640
BH,Bahrain,BAHRAIN Outbound SMS - Other,0.03640
BH,Bahrain,BAHRAIN Outbound SMS - Royal Court,0.03640
BH,Bahrain,BAHRAIN Outbound SMS - VIVA,0.03640
BH,Bahrain,BAHRAIN Outbound SMS - zain,0.03640
BI,Burundi,BURUNDI Outbound SMS - Econet,0.37570
BI,Burundi,BURUNDI Outbound SMS - Leo,0.37570
BI,Burundi,BURUNDI Outbound SMS - ONAMOB,0.37570
BI,Burundi,BURUNDI Outbound SMS - Other,0.37570
BI,Burundi,BURUNDI Outbound SMS - Smart Mobile,0.37570
BI,Burundi,BURUNDI Outbound SMS - Tempo,0.37570
BJ,Benin,BENIN Outbound SMS - BBcom,0.14450
BJ,Benin,BENIN Outbound SMS - Glo,0.14450
BJ,Benin,BENIN Outbound SMS - Libercom,0.14450
BJ,Benin,BENIN Outbound SMS - MTN,0.14450
BJ,Benin,BENIN Outbound SMS - Moov,0.14450
BJ,Benin,BENIN Outbound SMS - Other,0.14450
BM,Bermuda,BERMUDA Outbound SMS - CellONE,0.11860
BM,Bermuda,BERMUDA Outbound SMS - Digicel,0.11860
BM,Bermuda,BERMUDA Outbound SMS - M3 Wireless,0.11860
BM,Bermuda,BERMUDA Outbound SMS - Other,0.11860
BN,Brunei,BRUNEI DARUSSALAM Outbound SMS - B-Mobile,0.02000
BN,Brunei,BRUNEI DARUSSALAM Outbound SMS - DSTCom,0.02000
BN,Brunei,BRUNEI DARUSSALAM Outbound SMS - Other,0.02000
BO,Bolivia,BOLIVIA Outbound SMS - Entel,0.14520
BO,Bolivia,BOLIVIA Outbound SMS - NuevaTel PCS,0.14520
BO,Bolivia,BOLIVIA Outbound SMS - Other,0.14520
BO,Bolivia,BOLIVIA Outbound SMS - Tigo,0.14520
BR,Brazil,BRAZIL Outbound SMS - CTBC,0.05990
BR,Brazil,BRAZIL Outbound SMS - Claro,0.05990
BR,Brazil,BRAZIL Outbound SMS - NEXTEL,0.05990
BR,Brazil,BRAZIL Outbound SMS - Oi,0.05990
BR,Brazil,BRAZIL Outbound SMS - Other,0.05990
BR,Brazil,BRAZIL Outbound SMS - Sercomtel,0.05990
BR,Brazil,BRAZIL Outbound SMS - Surf Telecom,0.05990
BR,Brazil,BRAZIL Outbound SMS - TIM,0.05990
BR,Brazil,BRAZIL Outbound SMS - Vivo,0.05990
BS,Bahamas,BAHAMAS Outbound SMS - BTC,0.05250
BS,Bahamas,BAHAMAS Outbound SMS - NewCo2015,0.05250
BS,Bahamas,BAHAMAS Outbound SMS - Other,0.05250
BT,Bhutan,BHUTAN Outbound SMS - B-Mobile,0.40070
BT,Bhutan,BHUTAN Outbound SMS - Other,0.40070
BT,Bhutan,BHUTAN Outbound SMS - TashiCell,0.40070
BW,Botswana,BOTSWANA Outbound SMS - Be Mobile,0.09980
BW,Botswana,BOTSWANA Outbound SMS - MASCOM,0.09980
BW,Botswana,BOTSWANA Outbound SMS - Orange,0.09980
BW,Botswana,BOTSWANA Outbound SMS - Other,0.09980
BY,Belarus,BELARUS Outbound SMS - MTS,0.25210
BY,Belarus,BELARUS Outbound SMS - Other,0.25210
BY,Belarus,BELARUS Outbound SMS - Velcom,0.25210
BY,Belarus,BELARUS Outbound SMS - life:),0.25210
BZ,Belize,BELIZE Outbound SMS - Digicell,0.27380
BZ,Belize,BELIZE Outbound SMS - Other,0.27380
BZ,Belize,BELIZE Outbound SMS - Smart,0.27380
CA,Canada,CANADA Local Outbound SMS -  Telus ,0.00790
CA,Canada,CANADA Local Outbound SMS - Bell & Virgin,0.00790
CA,Canada,CANADA Local Outbound SMS - Other,0.00790
CA,Canada,CANADA Local Outbound SMS - Rogers,0.00790
CD,DR Congo,"CONGO, DEMOCRATIC REPUBLIC OF THE Outbound SMS - Airtel",0.22910
CD,DR Congo,"CONGO, DEMOCRATIC REPUBLIC OF THE Outbound SMS - Orange",0.22910
CD,DR Congo,"CONGO, DEMOCRATIC REPUBLIC OF THE Outbound SMS - Other",0.22910
CD,DR Congo,"CONGO, DEMOCRATIC REPUBLIC OF THE Outbound SMS - Supercell",0.22910
CD,DR Congo,"CONGO, DEMOCRATIC REPUBLIC OF THE Outbound SMS - Vodacom",0.22910
CF,Central Africa,CENTRAL AFRICAN REPUBLIC Outbound SMS - Moov,0.12180
CF,Central Africa,CENTRAL AFRICAN REPUBLIC Outbound SMS - Nationlink,0.12180
CF,Central Africa,CENTRAL AFRICAN REPUBLIC Outbound SMS - Orange,0.12180
CF,Central Africa,CENTRAL AFRICAN REPUBLIC Outbound SMS - Other,0.12180
CF,Central Africa,CENTRAL AFRICAN REPUBLIC Outbound SMS - Telecel Centrafrique,0.12180
CG,Congo,"CONGO, REPUBLIC OF Outbound SMS - Zain/Celtel",0.19990
CG,Congo,"CONGO, REPUBLIC OF THE Outbound SMS - Airtel",0.19990
CG,Congo,"CONGO, REPUBLIC OF THE Outbound SMS - MTN",0.19990
CG,Congo,"CONGO, REPUBLIC OF THE Outbound SMS - Other",0.19990
CG,Congo,"CONGO, REPUBLIC OF THE Outbound SMS - Warid",0.19990
CH,Switzerland,SWITZERLAND Outbound SMS - Bebbicell,0.07250
CH,Switzerland,SWITZERLAND Outbound SMS - Lycamobile,0.07250
CH,Switzerland,SWITZERLAND Outbound SMS - Orange,0.07250
CH,Switzerland,SWITZERLAND Outbound SMS - Other,0.07250
CH,Switzerland,SWITZERLAND Outbound SMS - Sunrise,0.07250
CH,Switzerland,SWITZERLAND Outbound SMS - Swisscom,0.07250
CH,Switzerland,SWITZERLAND Outbound SMS - Tele2,0.07250
CH,Switzerland,SWITZERLAND Outbound SMS - UPC Cablecom,0.07250
CH,Switzerland,SWITZERLAND Outbound SMS - in&phone,0.07250
CI,Ivory Coast,IVORY COAST Outbound SMS - GreenN,0.16430
CI,Ivory Coast,IVORY COAST Outbound SMS - Koz,0.16430
CI,Ivory Coast,IVORY COAST Outbound SMS - MTN,0.16430
CI,Ivory Coast,IVORY COAST Outbound SMS - Moov,0.16430
CI,Ivory Coast,IVORY COAST Outbound SMS - Orange,0.16430
CI,Ivory Coast,IVORY COAST Outbound SMS - Other,0.16430
CK,Cook Islands,COOK ISLANDS Outbound SMS - Other,0.13960
CK,Cook Islands,COOK ISLANDS Outbound SMS - Telecom,0.13960
CL,Chile,CHILE Outbound SMS - Claro,0.06510
CL,Chile,CHILE Outbound SMS - Entel,0.06510
CL,Chile,CHILE Outbound SMS - Netline Telefonica Movil Ltda,0.06510
CL,Chile,CHILE Outbound SMS - Nextel,0.06510
CL,Chile,CHILE Outbound SMS - Other,0.06510
CL,Chile,CHILE Outbound SMS - Tribe Mobile,0.06510
CL,Chile,CHILE Outbound SMS - VTR Movil,0.06510
CL,Chile,CHILE Outbound SMS - WILL TelefonÃ­a,0.06510
CL,Chile,CHILE Outbound SMS - movistar,0.06510
CM,Cameroon,CAMEROON Outbound SMS - MTN,0.13830
CM,Cameroon,CAMEROON Outbound SMS - Nextel,0.13830
CM,Cameroon,CAMEROON Outbound SMS - Orange,0.13830
CM,Cameroon,CAMEROON Outbound SMS - Other,0.13830
CN,China,CHINA Outbound SMS - China Mobile,0.03680
CN,China,CHINA Outbound SMS - China Telecom,0.03680
CN,China,CHINA Outbound SMS - China Unicom,0.03680
CN,China,CHINA Outbound SMS - Other,0.03680
CO,Colombia,COLOMBIA Outbound SMS - Avantel SAS,0.05250
CO,Colombia,COLOMBIA Outbound SMS - Claro,0.05250
CO,Colombia,COLOMBIA Outbound SMS - Empresa de Telecomunicaciones de Bogota (eTb),0.05250
CO,Colombia,COLOMBIA Outbound SMS - Other,0.05250
CO,Colombia,COLOMBIA Outbound SMS - Tigo,0.05250
CO,Colombia,COLOMBIA Outbound SMS - movistar,0.05250
CR,Costa Rica,COSTA RICA Outbound SMS - Claro,0.04200
CR,Costa Rica,COSTA RICA Outbound SMS - Kolbi,0.04200
CR,Costa Rica,COSTA RICA Outbound SMS - Other,0.04200
CR,Costa Rica,COSTA RICA Outbound SMS - Virtualis,0.04200
CR,Costa Rica,COSTA RICA Outbound SMS - movistar,0.04200
CU,Cuba,CUBA Outbound SMS - Cubacel,0.08400
CU,Cuba,CUBA Outbound SMS - Other,0.08400
CV,Cape Verde,CAPE VERDE Outbound SMS - CV Movel,0.14540
CV,Cape Verde,CAPE VERDE Outbound SMS - Other,0.14540
CV,Cape Verde,CAPE VERDE Outbound SMS - T+,0.14540
CY,Cyprus,CYPRUS Outbound SMS - Cyta Mobile-Vodafone,0.08640
CY,Cyprus,CYPRUS Outbound SMS - Lemontel Mobile,0.08640
CY,Cyprus,CYPRUS Outbound SMS - MTN,0.08640
CY,Cyprus,CYPRUS Outbound SMS - Other,0.08640
CY,Cyprus,CYPRUS Outbound SMS - PrimeTel,0.08640
CZ,Czech Republic,CZECH REPUBLIC Outbound SMS - O2,0.05720
CZ,Czech Republic,CZECH REPUBLIC Outbound SMS - Other,0.05720
CZ,Czech Republic,CZECH REPUBLIC Outbound SMS - T-Mobile,0.05720
CZ,Czech Republic,CZECH REPUBLIC Outbound SMS - U:fon,0.05720
CZ,Czech Republic,CZECH REPUBLIC Outbound SMS - Vodafone,0.05720
DE,Germany,GERMANY Outbound SMS - E-Plus,0.09400
DE,Germany,GERMANY Outbound SMS - O2,0.09400
DE,Germany,GERMANY Outbound SMS - Other,0.09400
DE,Germany,GERMANY Outbound SMS - Sipgate,0.09400
DE,Germany,GERMANY Outbound SMS - Telekom,0.09400
DE,Germany,GERMANY Outbound SMS - Vodafone,0.09400
DJ,Djibouti,DJIBOUTI Outbound SMS - Evatis,0.16240
DJ,Djibouti,DJIBOUTI Outbound SMS - Other,0.16240
DK,Denmark,DENMARK Outbound SMS - 3,0.05240
DK,Denmark,DENMARK Outbound SMS - Lycamobile,0.05240
DK,Denmark,DENMARK Outbound SMS - MACH Connectivity,0.05240
DK,Denmark,DENMARK Outbound SMS - Other,0.05240
DK,Denmark,DENMARK Outbound SMS - TDC,0.05240
DK,Denmark,DENMARK Outbound SMS - Telenor,0.05240
DK,Denmark,DENMARK Outbound SMS - Telia,0.05240
DK,Denmark,DENMARK Outbound SMS - Vectone Mobile (Mundio Mobile),0.05240
DM,Dominica,DOMINICA Outbound SMS - Digicel,0.15050
DM,Dominica,DOMINICA Outbound SMS - LIME,0.15050
DM,Dominica,DOMINICA Outbound SMS - Other,0.15050
DO,Dominican Republic,DOMINICAN REPUBLIC Outbound SMS - Claro,0.07760
DO,Dominican Republic,DOMINICAN REPUBLIC Outbound SMS - Orange,0.07760
DO,Dominican Republic,DOMINICAN REPUBLIC Outbound SMS - Other,0.07760
DO,Dominican Republic,DOMINICAN REPUBLIC Outbound SMS - Viva,0.07760
DZ,Algeria,ALGERIA Outbound SMS - Djezzy,0.25750
DZ,Algeria,ALGERIA Outbound SMS - Mobilis,0.25750
DZ,Algeria,ALGERIA Outbound SMS - Nedjma,0.25750
DZ,Algeria,ALGERIA Outbound SMS - Other,0.25750
EC,Ecuador,ECUADOR Outbound SMS - Alegro,0.18100
EC,Ecuador,ECUADOR Outbound SMS - Conecel,0.18100
EC,Ecuador,ECUADOR Outbound SMS - Other,0.18100
EC,Ecuador,ECUADOR Outbound SMS - movistar,0.18100
EE,Estonia,ESTONIA Outbound SMS - EMT,0.09580
EE,Estonia,ESTONIA Outbound SMS - Elisa,0.09580
EE,Estonia,ESTONIA Outbound SMS - Other,0.09580
EE,Estonia,ESTONIA Outbound SMS - Tele2,0.09580
EG,Egypt,EGYPT Outbound SMS - Etisalat,0.18510
EG,Egypt,EGYPT Outbound SMS - Mobinil,0.18510
EG,Egypt,EGYPT Outbound SMS - Other,0.18510
EG,Egypt,EGYPT Outbound SMS - Vodafone,0.18510
ER,Eritrea,ERITREA Outbound SMS - Eritel,0.11660
ES,Spain,SPAIN Outbound SMS - BT,0.08750
ES,Spain,SPAIN Outbound SMS - Barablu,0.08750
ES,Spain,SPAIN Outbound SMS - Cableuropa,0.08750
ES,Spain,SPAIN Outbound SMS - DigiMobil,0.08750
ES,Spain,SPAIN Outbound SMS - Euskaltel,0.08750
ES,Spain,SPAIN Outbound SMS - Flamatel,0.08750
ES,Spain,SPAIN Outbound SMS - Jazztel,0.08750
ES,Spain,SPAIN Outbound SMS - Lleida,0.08750
ES,Spain,SPAIN Outbound SMS - Lycamobile,0.08750
ES,Spain,SPAIN Outbound SMS - Mobil R,0.08750
ES,Spain,SPAIN Outbound SMS - Movistar,0.08750
ES,Spain,SPAIN Outbound SMS - Orange,0.08750
ES,Spain,SPAIN Outbound SMS - Other,0.08750
ES,Spain,SPAIN Outbound SMS - Simyo,0.08750
ES,Spain,SPAIN Outbound SMS - Telecable,0.08750
ES,Spain,SPAIN Outbound SMS - Truphone,0.08750
ES,Spain,SPAIN Outbound SMS - Tuenti,0.08750
ES,Spain,SPAIN Outbound SMS - Vodafone,0.08750
ES,Spain,SPAIN Outbound SMS - Yoigo,0.08750
ES,Spain,SPAIN Outbound SMS - fonYou,0.08750
ET,Ethiopia,ETHIOPIA Outbound SMS - ETH-MTN,0.34250
ET,Ethiopia,ETHIOPIA Outbound SMS - Other,0.34250
FI,Finland,ALAND ISLANDS Outbound SMS - Nokia,0.08610
FI,Finland,FINLAND Outbound SMS - Alands Mobiltelefon,0.08610
FI,Finland,FINLAND Outbound SMS - DNA,0.08610
FI,Finland,FINLAND Outbound SMS - Elisa,0.08610
FI,Finland,FINLAND Outbound SMS - Other,0.08610
FI,Finland,FINLAND Outbound SMS - Saunalahti,0.08610
FI,Finland,FINLAND Outbound SMS - Sonera,0.08610
FJ,Fiji,FIJI Outbound SMS - Digicel,0.16510
FJ,Fiji,FIJI Outbound SMS - Other,0.16510
FJ,Fiji,FIJI Outbound SMS - Vodafone,0.16510
FK,Falkland Islands,FALKLAND ISLANDS Outbound SMS - Other,0.13600
FK,Falkland Islands,FALKLAND ISLANDS Outbound SMS - Touch,0.13600
FM,Micronesia,MICRONESIA Outbound SMS - FSM Telecommunication Corporation,0.07350
FO,Faroe Islands,FAROE ISLANDS Outbound SMS - Faroese Telecom,0.06760
FO,Faroe Islands,FAROE ISLANDS Outbound SMS - Other,0.06760
FO,Faroe Islands,FAROE ISLANDS Outbound SMS - Vodafone,0.06760
FR,France,FRANCE Outbound SMS - Bouygues Telecom,0.07980
FR,France,FRANCE Outbound SMS - Completel,0.07980
FR,France,FRANCE Outbound SMS - Free Mobile,0.07980
FR,France,FRANCE Outbound SMS - LEGOS,0.07980
FR,France,FRANCE Outbound SMS - Lycamobile,0.07980
FR,France,FRANCE Outbound SMS - MobiquiThings,0.07980
FR,France,FRANCE Outbound SMS - Mundio Mobile,0.07980
FR,France,FRANCE Outbound SMS - NRJ Mobile,0.07980
FR,France,FRANCE Outbound SMS - Orange,0.07980
FR,France,FRANCE Outbound SMS - Other,0.07980
FR,France,FRANCE Outbound SMS - SFR,0.07980
FR,France,FRANCE Outbound SMS - Transatel,0.07980
FR,France,FRANCE Outbound SMS - Virgin Mobile,0.07980
GA,Gabon,GABON Outbound SMS - Airtel,0.26340
GA,Gabon,GABON Outbound SMS - Azur,0.26340
GA,Gabon,GABON Outbound SMS - Libertis,0.26340
GA,Gabon,GABON Outbound SMS - Moov,0.26340
GA,Gabon,GABON Outbound SMS - Other,0.26340
GB,United Kingdom,GUERNSEY Outbound SMS - Airtel-Vodafone,0.04200
GB,United Kingdom,GUERNSEY Outbound SMS - Wave,0.04200
GB,United Kingdom,JERSEY Outbound SMS - Sure Mobile,0.04200
GB,United Kingdom,UNITED KINGDOM Outbound SMS - 3,0.04200
GB,United Kingdom,UNITED KINGDOM Outbound SMS - Everything Everywhere,0.04200
GB,United Kingdom,UNITED KINGDOM Outbound SMS - Limitless Mobile,0.04200
GB,United Kingdom,UNITED KINGDOM Outbound SMS - Lleida.net,0.04200
GB,United Kingdom,UNITED KINGDOM Outbound SMS - Marathon Telecom,0.04200
GB,United Kingdom,UNITED KINGDOM Outbound SMS - O2,0.04200
GB,United Kingdom,UNITED KINGDOM Outbound SMS - Orange,0.04200
GB,United Kingdom,UNITED KINGDOM Outbound SMS - Other,0.04200
GB,United Kingdom,UNITED KINGDOM Outbound SMS - SSE Energy Supply,0.04200
GB,United Kingdom,UNITED KINGDOM Outbound SMS - Sky UK Limited,0.04200
GB,United Kingdom,UNITED KINGDOM Outbound SMS - T-Mobile,0.04200
GB,United Kingdom,UNITED KINGDOM Outbound SMS - Teleena,0.04200
GB,United Kingdom,UNITED KINGDOM Outbound SMS - Vectofone Mobile,0.04200
GB,United Kingdom,UNITED KINGDOM Outbound SMS - Virgin,0.04200
GB,United Kingdom,UNITED KINGDOM Outbound SMS - Vodafone,0.04200
GD,Grenada,GRENADA Outbound SMS - Digicel,0.16230
GD,Grenada,GRENADA Outbound SMS - LIME,0.16230
GD,Grenada,GRENADA Outbound SMS - Other,0.16230
GE,Georgia,ABKHAZIA Outbound SMS - A-Mobile,0.15890
GE,Georgia,ABKHAZIA Outbound SMS - Aquafon,0.15890
GE,Georgia,GEORGIA Outbound SMS - Beeline,0.15890
GE,Georgia,GEORGIA Outbound SMS - Geocell,0.15890
GE,Georgia,GEORGIA Outbound SMS - Magti GSM,0.15890
GE,Georgia,GEORGIA Outbound SMS - Other,0.15890
GE,Georgia,GEORGIA Outbound SMS - Silknet,0.15890
GF,French Guiana,FRENCH GUIANA Outbound SMS - Digicel,0.18420
GF,French Guiana,FRENCH GUIANA Outbound SMS - Orange Caribe,0.18420
GF,French Guiana,FRENCH GUIANA Outbound SMS - Other,0.18420
GH,Ghana,GHANA Outbound SMS - Airtel,0.17990
GH,Ghana,GHANA Outbound SMS - Expresso Telecom,0.17990
GH,Ghana,GHANA Outbound SMS - Glo,0.17990
GH,Ghana,GHANA Outbound SMS - MTN,0.17990
GH,Ghana,GHANA Outbound SMS - Other,0.17990
GH,Ghana,GHANA Outbound SMS - Tigo,0.17990
GH,Ghana,GHANA Outbound SMS - Vodafone,0.17990
GI,Gibraltar,GIBRALTAR Outbound SMS - CTS,0.10910
GI,Gibraltar,GIBRALTAR Outbound SMS - Gibtel,0.10910
GI,Gibraltar,GIBRALTAR Outbound SMS - Other,0.10910
GL,Greenland,GREENLAND Outbound SMS - Other,0.04100
GL,Greenland,GREENLAND Outbound SMS - TELE Greenland,0.04100
GM,Gambia,GAMBIA Outbound SMS - Africell,0.16600
GM,Gambia,GAMBIA Outbound SMS - Comium,0.16600
GM,Gambia,GAMBIA Outbound SMS - Gamtel,0.16600
GM,Gambia,GAMBIA Outbound SMS - Other,0.16600
GM,Gambia,GAMBIA Outbound SMS - Qcell,0.16600
GN,Guinea,GUINEA Outbound SMS - Areeba,0.15170
GN,Guinea,GUINEA Outbound SMS - Cellcom,0.15170
GN,Guinea,GUINEA Outbound SMS - Intercel,0.15170
GN,Guinea,GUINEA Outbound SMS - Orange,0.15170
GN,Guinea,GUINEA Outbound SMS - Other,0.15170
GN,Guinea,GUINEA Outbound SMS - Other Unused,0.15170
GN,Guinea,GUINEA Outbound SMS - Sotelgui,0.15170
GP,Guadeloupe,GUADELOUPE Outbound SMS - Dauphin,0.13500
GP,Guadeloupe,GUADELOUPE Outbound SMS - Telcell,0.13500
GQ,Equatorial Guinea,EQUATORIAL GUINEA Outbound SMS - Hits Africa,0.17290
GQ,Equatorial Guinea,EQUATORIAL GUINEA Outbound SMS - Orange,0.17290
GQ,Equatorial Guinea,EQUATORIAL GUINEA Outbound SMS - Other,0.17290
GR,Greece,GREECE Outbound SMS - Cosmote,0.06200
GR,Greece,GREECE Outbound SMS - CyTa,0.06200
GR,Greece,GREECE Outbound SMS - Other,0.06200
GR,Greece,GREECE Outbound SMS - Vodafone,0.06200
GR,Greece,GREECE Outbound SMS - Wind,0.06200
GT,Guatemala,GUATEMALA Outbound SMS - Claro,0.12690
GT,Guatemala,GUATEMALA Outbound SMS - Other,0.12690
GT,Guatemala,GUATEMALA Outbound SMS - Tigo,0.12690
GT,Guatemala,GUATEMALA Outbound SMS - movistar,0.12690
GU,Guam,GUAM & NORTHERN MARIANA ISLANDS Outbound SMS - Docomo Pacific,0.06870
GU,Guam,GUAM & NORTHERN MARIANA ISLANDS Outbound SMS - IT&E,0.06870
GU,Guam,GUAM & NORTHERN MARIANA ISLANDS Outbound SMS - MPULSE,0.06870
GW,Guinea-Bissau,GUINEA-BISSAU Outbound SMS - MTN,0.15750
GW,Guinea-Bissau,GUINEA-BISSAU Outbound SMS - Orange,0.15750
GY,Guyana,GUYANA Outbound SMS - Cellink Plus,0.17870
GY,Guyana,GUYANA Outbound SMS - Digicel,0.17870
GY,Guyana,GUYANA Outbound SMS - Other,0.17870
HK,Hong Kong,HONG KONG Outbound SMS - 21Vianet Mobile Ltd,0.06820
HK,Hong Kong,HONG KONG Outbound SMS - 3,0.06820
HK,Hong Kong,HONG KONG Outbound SMS - CHKTL,0.06820
HK,Hong Kong,HONG KONG Outbound SMS - CITIC Telecom,0.06820
HK,Hong Kong,HONG KONG Outbound SMS - CMMobile,0.06820
HK,Hong Kong,HONG KONG Outbound SMS - CSL,0.06820
HK,Hong Kong,HONG KONG Outbound SMS - China Mobile Hong Kong,0.06820
HK,Hong Kong,HONG KONG Outbound SMS - Other,0.06820
HK,Hong Kong,HONG KONG Outbound SMS - PCCW Mobile,0.06820
HK,Hong Kong,HONG KONG Outbound SMS - SmarTone,0.06820
HK,Hong Kong,HONG KONG Outbound SMS - Trident Telecom Ventures Ltd,0.06820
HN,Honduras,HONDURAS Outbound SMS - Claro,0.08470
HN,Honduras,HONDURAS Outbound SMS - Digicel,0.08470
HN,Honduras,HONDURAS Outbound SMS - Hondutel,0.08470
HN,Honduras,HONDURAS Outbound SMS - Other,0.08470
HN,Honduras,HONDURAS Outbound SMS - Tigo,0.08470
HR,Croatia,CROATIA Outbound SMS - Other,0.09150
HR,Croatia,CROATIA Outbound SMS - T-Mobile,0.09150
HR,Croatia,CROATIA Outbound SMS - Tele2,0.09150
HR,Croatia,CROATIA Outbound SMS - Vip,0.09150
HT,Haiti,HAITI Outbound SMS - Digicel,0.23560
HT,Haiti,HAITI Outbound SMS - Natcom,0.23560
HT,Haiti,HAITI Outbound SMS - Other,0.23560
HU,Hungary,HUNGARY Outbound SMS - Other,0.09100
HU,Hungary,HUNGARY Outbound SMS - T-Mobile,0.09100
HU,Hungary,HUNGARY Outbound SMS - Telenor,0.09100
HU,Hungary,HUNGARY Outbound SMS - UPC Hungary,0.09100
HU,Hungary,HUNGARY Outbound SMS - Vodafone,0.09100
ID,Indonesia,INDONESIA Outbound SMS - 3,0.36030
ID,Indonesia,INDONESIA Outbound SMS - Ceria Mobile,0.36030
ID,Indonesia,INDONESIA Outbound SMS - Indosat,0.36030
ID,Indonesia,INDONESIA Outbound SMS - Other,0.36030
ID,Indonesia,INDONESIA Outbound SMS - Smartfren,0.36030
ID,Indonesia,INDONESIA Outbound SMS - Telkomsel,0.36030
ID,Indonesia,INDONESIA Outbound SMS - XL Axiata,0.36030
IE,Ireland,IRELAND Outbound SMS - 3,0.07350
IE,Ireland,IRELAND Outbound SMS - Carphone Warehouse,0.07350
IE,Ireland,IRELAND Outbound SMS - LIffey Telecom,0.07350
IE,Ireland,IRELAND Outbound SMS - Meteor,0.07350
IE,Ireland,IRELAND Outbound SMS - O2,0.07350
IE,Ireland,IRELAND Outbound SMS - Other,0.07350
IE,Ireland,IRELAND Outbound SMS - UPC Mobile,0.07350
IE,Ireland,IRELAND Outbound SMS - Vodafone,0.07350
IL,Israel,ISRAEL Outbound SMS - Azi Communications,0.14850
IL,Israel,ISRAEL Outbound SMS - Beezz,0.14850
IL,Israel,ISRAEL Outbound SMS - Cellcom,0.14850
IL,Israel,ISRAEL Outbound SMS - Golan Telecom,0.14850
IL,Israel,ISRAEL Outbound SMS - Hot Mobile,0.14850
IL,Israel,ISRAEL Outbound SMS - Orange,0.14850
IL,Israel,ISRAEL Outbound SMS - Other,0.14850
IL,Israel,ISRAEL Outbound SMS - Pelephone,0.14850
IN,India,INDIA Outbound SMS - Aircel,0.06820
IN,India,INDIA Outbound SMS - Airtel,0.06820
IN,India,INDIA Outbound SMS - BSNL,0.06820
IN,India,INDIA Outbound SMS - Etisalat DB Telecom,0.06820
IN,India,INDIA Outbound SMS - Idea Cellular,0.06820
IN,India,INDIA Outbound SMS - Loop Mobile,0.06820
IN,India,INDIA Outbound SMS - MTNL,0.06820
IN,India,INDIA Outbound SMS - MTS,0.06820
IN,India,INDIA Outbound SMS - Other,0.06820
IN,India,INDIA Outbound SMS - Ping Mobile,0.06820
IN,India,INDIA Outbound SMS - Reliance,0.06820
IN,India,INDIA Outbound SMS - S Tel,0.06820
IN,India,INDIA Outbound SMS - Tata DoCoMo,0.06820
IN,India,INDIA Outbound SMS - Tata indicom,0.06820
IN,India,INDIA Outbound SMS - Uninor,0.06820
IN,India,INDIA Outbound SMS - Videocon,0.06820
IN,India,INDIA Outbound SMS - Vodafone India,0.06820
IQ,Iraq,IRAQ Outbound SMS - Asia Cell,0.34010
IQ,Iraq,IRAQ Outbound SMS - High Link,0.34010
IQ,Iraq,IRAQ Outbound SMS - IraqCell,0.34010
IQ,Iraq,IRAQ Outbound SMS - Itisaluna,0.34010
IQ,Iraq,IRAQ Outbound SMS - Korek,0.34010
IQ,Iraq,IRAQ Outbound SMS - Mobitel,0.34010
IQ,Iraq,IRAQ Outbound SMS - Other,0.34010
IQ,Iraq,IRAQ Outbound SMS - Zain,0.34010
IR,Iran,IRAN Outbound SMS - MCI,0.24810
IR,Iran,IRAN Outbound SMS - MTCE,0.24810
IR,Iran,IRAN Outbound SMS - MTN Irancell,0.24810
IR,Iran,IRAN Outbound SMS - Other,0.24810
IR,Iran,IRAN Outbound SMS - Rightel,0.24810
IR,Iran,IRAN Outbound SMS - TKC,0.24810
IR,Iran,IRAN Outbound SMS - Taliya,0.24810
IS,Iceland,ICELAND Outbound SMS - IceCell,0.06610
IS,Iceland,ICELAND Outbound SMS - Nova,0.06610
IS,Iceland,ICELAND Outbound SMS - On-waves,0.06610
IS,Iceland,ICELAND Outbound SMS - Other,0.06610
IS,Iceland,ICELAND Outbound SMS - Siminn,0.06610
IS,Iceland,ICELAND Outbound SMS - Viking Wireless,0.06610
IS,Iceland,ICELAND Outbound SMS - Vodafone,0.06610
IT,Italy,ITALY Outbound SMS - British Telecom Italia,0.09270
IT,Italy,ITALY Outbound SMS - Digi Mobil,0.09270
IT,Italy,ITALY Outbound SMS - Elsacom,0.09270
IT,Italy,ITALY Outbound SMS - Hi3G,0.09270
IT,Italy,ITALY Outbound SMS - Iliad,0.09270
IT,Italy,ITALY Outbound SMS - Intermatica,0.09270
IT,Italy,ITALY Outbound SMS - Lycamobile,0.09270
IT,Italy,ITALY Outbound SMS - Noverca,0.09270
IT,Italy,ITALY Outbound SMS - Other,0.09270
IT,Italy,ITALY Outbound SMS - Rete Ferroviaria Italiana,0.09270
IT,Italy,ITALY Outbound SMS - TIM,0.09270
IT,Italy,ITALY Outbound SMS - VEI s.r.l.,0.09270
IT,Italy,ITALY Outbound SMS - Vodafone,0.09270
IT,Italy,ITALY Outbound SMS - Wind,0.09270
JM,Jamaica,JAMAICA Outbound SMS - Digicel,0.16440
JM,Jamaica,JAMAICA Outbound SMS - LIME,0.16440
JM,Jamaica,JAMAICA Outbound SMS - Other,0.16440
JO,Jordan,JORDAN Outbound SMS - Orange,0.22070
JO,Jordan,JORDAN Outbound SMS - Other,0.22070
JO,Jordan,JORDAN Outbound SMS - Umniah,0.22070
JO,Jordan,JORDAN Outbound SMS - Xpress,0.22070
JO,Jordan,JORDAN Outbound SMS - Zain,0.22070
JP,Japan,JAPAN Outbound SMS - EMOBILE,0.08400
JP,Japan,JAPAN Outbound SMS - KDDI,0.08400
JP,Japan,JAPAN Outbound SMS - NTT docomo,0.08400
JP,Japan,JAPAN Outbound SMS - Other,0.08400
JP,Japan,JAPAN Outbound SMS - Rakuten,0.08400
JP,Japan,JAPAN Outbound SMS - SoftBank Mobile,0.08400
KE,Kenya,KENYA Outbound SMS - Airtel,0.12420
KE,Kenya,KENYA Outbound SMS - Orange,0.12420
KE,Kenya,KENYA Outbound SMS - Other,0.12420
KE,Kenya,KENYA Outbound SMS - Safaricom,0.12420
KG,Kyrgyzstan,KYRGYZSTAN Outbound SMS - Beeline,0.24280
KG,Kyrgyzstan,KYRGYZSTAN Outbound SMS - MegaCom,0.24280
KG,Kyrgyzstan,KYRGYZSTAN Outbound SMS - O!,0.24280
KG,Kyrgyzstan,KYRGYZSTAN Outbound SMS - Other,0.24280
KH,Cambodia,CAMBODIA Outbound SMS - Beeline,0.17050
KH,Cambodia,CAMBODIA Outbound SMS - Cootel,0.17050
KH,Cambodia,CAMBODIA Outbound SMS - Metfone,0.17050
KH,Cambodia,CAMBODIA Outbound SMS - Mfone,0.17050
KH,Cambodia,CAMBODIA Outbound SMS - MobiTel,0.17050
KH,Cambodia,CAMBODIA Outbound SMS - Other,0.17050
KH,Cambodia,CAMBODIA Outbound SMS - Seatel,0.17050
KH,Cambodia,CAMBODIA Outbound SMS - Smart Mobile,0.17050
KH,Cambodia,CAMBODIA Outbound SMS - Star Cell,0.17050
KH,Cambodia,CAMBODIA Outbound SMS - qb,0.17050
KI,Kiribati,KIRIBATI Outbound SMS - Frigate Net,0.14550
KI,Kiribati,KIRIBATI Outbound SMS - TSKL,0.14550
KM,Comoros,COMOROS Outbound SMS - HURI,0.24580
KM,Comoros,COMOROS Outbound SMS - Other,0.24580
KN,St Kitts and Nevis,ST KITTS AND NEVIS Outbound SMS - UTS,0.11100
KN,St Kitts and Nevis,ST. KITTS & NEVIS Outbound SMS - Digicel,0.11100
KN,St Kitts and Nevis,ST. KITTS & NEVIS Outbound SMS - LIME,0.11100
KN,St Kitts and Nevis,ST. KITTS & NEVIS Outbound SMS - Other,0.11100
KR,Korea Republic of,SOUTH KOREA Outbound SMS - KT,0.04940
KR,Korea Republic of,SOUTH KOREA Outbound SMS - Korea Cable Telecom,0.04940
KR,Korea Republic of,SOUTH KOREA Outbound SMS - LG U+,0.04940
KR,Korea Republic of,SOUTH KOREA Outbound SMS - Other,0.04940
KR,Korea Republic of,SOUTH KOREA Outbound SMS - SK Telecom,0.04940
KR,Korea Republic of,SOUTH KOREA Outbound SMS - olleh KT,0.04940
KW,Kuwait,KUWAIT Outbound SMS - Other,0.25810
KW,Kuwait,KUWAIT Outbound SMS - VIVA,0.25810
KW,Kuwait,KUWAIT Outbound SMS - Wataniya,0.25810
KW,Kuwait,KUWAIT Outbound SMS - Zain,0.25810
KY,Cayman Islands,CAYMAN ISLANDS Outbound SMS - Digicel,0.13370
KY,Cayman Islands,CAYMAN ISLANDS Outbound SMS - LIME,0.13370
KY,Cayman Islands,CAYMAN ISLANDS Outbound SMS - Other,0.13370
KZ,Kazakhstan,KAZAKHSTAN Outbound SMS - Beeline,0.21920
KZ,Kazakhstan,KAZAKHSTAN Outbound SMS - Dalacom,0.21920
KZ,Kazakhstan,KAZAKHSTAN Outbound SMS - K-Cell,0.21920
KZ,Kazakhstan,KAZAKHSTAN Outbound SMS - Kazakhtelecom,0.21920
KZ,Kazakhstan,KAZAKHSTAN Outbound SMS - Kodotel,0.21920
KZ,Kazakhstan,KAZAKHSTAN Outbound SMS - Other,0.21920
KZ,Kazakhstan,KAZAKHSTAN Outbound SMS - Rostelecom,0.21920
KZ,Kazakhstan,KAZAKHSTAN Outbound SMS - Tele2,0.21920
LA,Laos PDR,LAOS Outbound SMS - Beeline,0.06100
LA,Laos PDR,LAOS Outbound SMS - LaoTelecom,0.06100
LA,Laos PDR,LAOS Outbound SMS - Other,0.06100
LA,Laos PDR,LAOS Outbound SMS - Unitel,0.06100
LA,Laos PDR,LAOS PDR Outbound SMS - ETL,0.06100
LB,Lebanon,LEBANON Outbound SMS - Alfa,0.27400
LB,Lebanon,LEBANON Outbound SMS - Other,0.27400
LB,Lebanon,LEBANON Outbound SMS - mtc touch,0.27400
LC,St Lucia,ST. LUCIA Outbound SMS - Digicel,0.10280
LC,St Lucia,ST. LUCIA Outbound SMS - LIME,0.10280
LC,St Lucia,ST. LUCIA Outbound SMS - Other,0.10280
LI,Liechtenstein,LIECHTENSTEIN Outbound SMS - Alpmobil,0.03340
LI,Liechtenstein,LIECHTENSTEIN Outbound SMS - FL1,0.03340
LI,Liechtenstein,LIECHTENSTEIN Outbound SMS - Orange,0.03340
LI,Liechtenstein,LIECHTENSTEIN Outbound SMS - Other,0.03340
LI,Liechtenstein,LIECHTENSTEIN Outbound SMS - Swisscom,0.03340
LK,Sri Lanka,SRI LANKA Outbound SMS - Airtel,0.30850
LK,Sri Lanka,SRI LANKA Outbound SMS - Dialog,0.30850
LK,Sri Lanka,SRI LANKA Outbound SMS - Etisalat,0.30850
LK,Sri Lanka,SRI LANKA Outbound SMS - Hutch,0.30850
LK,Sri Lanka,SRI LANKA Outbound SMS - Mobitel,0.30850
LK,Sri Lanka,SRI LANKA Outbound SMS - Other,0.30850
LR,Liberia,LIBERIA Outbound SMS - Cellcom,0.13750
LR,Liberia,LIBERIA Outbound SMS - Comium,0.13750
LR,Liberia,LIBERIA Outbound SMS - Libercel,0.13750
LR,Liberia,LIBERIA Outbound SMS - Lonestar,0.13750
LR,Liberia,LIBERIA Outbound SMS - Other,0.13750
LS,Lesotho,LESOTHO Outbound SMS - Econet Ezi-Cel,0.20400
LS,Lesotho,LESOTHO Outbound SMS - Other,0.20400
LS,Lesotho,LESOTHO Outbound SMS - Vodacom,0.20400
LT,Lithuania,LITHUANIA Outbound SMS - BITE,0.05450
LT,Lithuania,LITHUANIA Outbound SMS - LitRail,0.05450
LT,Lithuania,LITHUANIA Outbound SMS - Mediafon,0.05450
LT,Lithuania,LITHUANIA Outbound SMS - Omnitel,0.05450
LT,Lithuania,LITHUANIA Outbound SMS - Other,0.05450
LT,Lithuania,LITHUANIA Outbound SMS - Tele 2,0.05450
LU,Luxembourg,LUXEMBOURG Outbound SMS - LuxGSM,0.07400
LU,Luxembourg,LUXEMBOURG Outbound SMS - Orange,0.07400
LU,Luxembourg,LUXEMBOURG Outbound SMS - Other,0.07400
LU,Luxembourg,LUXEMBOURG Outbound SMS - Tango,0.07400
LV,Latvia,LATVIA Outbound SMS - Bite,0.07150
LV,Latvia,LATVIA Outbound SMS - Camel Mobile,0.07150
LV,Latvia,LATVIA Outbound SMS - IZZI,0.07150
LV,Latvia,LATVIA Outbound SMS - LMT,0.07150
LV,Latvia,LATVIA Outbound SMS - MTS,0.07150
LV,Latvia,LATVIA Outbound SMS - Other,0.07150
LV,Latvia,LATVIA Outbound SMS - TRIATEL,0.07150
LV,Latvia,LATVIA Outbound SMS - Tele2,0.07150
LY,Libya,LIBYA Outbound SMS - Al Madar,0.32420
LY,Libya,LIBYA Outbound SMS - Libyana,0.32420
LY,Libya,LIBYA Outbound SMS - Other,0.32420
MA,Morocco,MOROCCO Outbound SMS - IAM,0.18730
MA,Morocco,MOROCCO Outbound SMS - Inwi,0.18730
MA,Morocco,MOROCCO Outbound SMS - Medi Telecom,0.18730
MA,Morocco,MOROCCO Outbound SMS - Other,0.18730
MA,Morocco,MOROCCO Outbound SMS - Wana,0.18730
MC,Monaco,MONACO Outbound SMS - Monaco Telecom,0.18560
MC,Monaco,MONACO Outbound SMS - Other,0.18560
MD,Moldova,MOLDOVA Outbound SMS - Moldcell,0.06300
MD,Moldova,MOLDOVA Outbound SMS - Moldtelecom,0.06300
MD,Moldova,MOLDOVA Outbound SMS - Orange,0.06300
MD,Moldova,MOLDOVA Outbound SMS - Other,0.06300
ME,Montenegro,MONTENEGRO Outbound SMS - Other,0.11370
ME,Montenegro,MONTENEGRO Outbound SMS - T-Mobile,0.11370
ME,Montenegro,MONTENEGRO Outbound SMS - Telenor,0.11370
ME,Montenegro,MONTENEGRO Outbound SMS - m:tel,0.11370
MG,Madagascar,MADAGASCAR Outbound SMS - Airtel,0.37280
MG,Madagascar,MADAGASCAR Outbound SMS - Orange,0.37280
MG,Madagascar,MADAGASCAR Outbound SMS - Other,0.37280
MG,Madagascar,MADAGASCAR Outbound SMS - Telma Mobile,0.37280
MH,Marshall Islands,MARSHALL ISLANDS Outbound SMS - NTA,0.15890
MK,Macedonia,MACEDONIA Outbound SMS - Lycamobile,0.07440
MK,Macedonia,MACEDONIA Outbound SMS - ONE,0.07440
MK,Macedonia,MACEDONIA Outbound SMS - Other,0.07440
MK,Macedonia,MACEDONIA Outbound SMS - T-Mobile,0.07440
MK,Macedonia,MACEDONIA Outbound SMS - vip,0.07440
ML,Mali,MALI Outbound SMS - Malitel,0.15740
ML,Mali,MALI Outbound SMS - Orange,0.15740
ML,Mali,MALI Outbound SMS - Other,0.15740
ML,Mali,MALI Outbound SMS - Telecel,0.15740
MM,Myanmar,MYANMAR Outbound SMS - MPT,0.23190
MM,Myanmar,MYANMAR Outbound SMS - MyTel,0.23190
MM,Myanmar,MYANMAR Outbound SMS - Ooredoo,0.23190
MM,Myanmar,MYANMAR Outbound SMS - Other,0.23190
MM,Myanmar,MYANMAR Outbound SMS - Telenor,0.23190
MN,Mongolia,MONGOLIA Outbound SMS - G Mobile,0.27900
MN,Mongolia,MONGOLIA Outbound SMS - Mobicom,0.27900
MN,Mongolia,MONGOLIA Outbound SMS - Other,0.27900
MN,Mongolia,MONGOLIA Outbound SMS - Skytel,0.27900
MN,Mongolia,MONGOLIA Outbound SMS - Unitel,0.27900
MO,Macao,MACAU Outbound SMS - 3,0.05900
MO,Macao,MACAU Outbound SMS - CTM,0.05900
MO,Macao,MACAU Outbound SMS - Other,0.05900
MO,Macao,MACAU Outbound SMS - SmarTone,0.05900
MQ,Martinique,MARTINIQUE Outbound SMS - Digicel,0.13200
MQ,Martinique,MARTINIQUE Outbound SMS - Orange,0.13200
MQ,Martinique,MARTINIQUE Outbound SMS - Other,0.13200
MQ,Martinique,MARTINIQUE Outbound SMS - Outremer,0.13200
MR,Mauritania,MAURITANIA Outbound SMS - Chinguitel,0.25830
MR,Mauritania,MAURITANIA Outbound SMS - MATTEL,0.25830
MR,Mauritania,MAURITANIA Outbound SMS - Mauritel,0.25830
MR,Mauritania,MAURITANIA Outbound SMS - Other,0.25830
MS,Montserrat,MONTSERRAT Outbound SMS - LIME,0.11000
MS,Montserrat,MONTSERRAT Outbound SMS - Other,0.11000
MT,Malta,MALTA Outbound SMS - GO,0.06500
MT,Malta,MALTA Outbound SMS - Melita,0.06500
MT,Malta,MALTA Outbound SMS - Other,0.06500
MT,Malta,MALTA Outbound SMS - Vodafone,0.06500
MU,Mauritius,MAURITIUS Outbound SMS - CHiLi,0.15970
MU,Mauritius,MAURITIUS Outbound SMS - Emtel,0.15970
MU,Mauritius,MAURITIUS Outbound SMS - Orange,0.15970
MU,Mauritius,MAURITIUS Outbound SMS - Other,0.15970
MV,Maldives,MALDIVES Outbound SMS - Dhiraagu,0.07150
MV,Maldives,MALDIVES Outbound SMS - Other,0.07150
MV,Maldives,MALDIVES Outbound SMS - Wataniya,0.07150
MW,Malawi,MALAWI Outbound SMS - Airtel,0.22700
MW,Malawi,MALAWI Outbound SMS - Other,0.22700
MW,Malawi,MALAWI Outbound SMS - TNM,0.22700
MX,Mexico,MEXICO Outbound SMS - AT&T ,0.10790
MX,Mexico,MEXICO Outbound SMS - Other,0.10790
MX,Mexico,MEXICO Outbound SMS - Telcel,0.10790
MX,Mexico,MEXICO Outbound SMS - movistar,0.10790
MY,Malaysia,MALAYSIA Outbound SMS - Baraka Telecom,0.09050
MY,Malaysia,MALAYSIA Outbound SMS - Celcom,0.09050
MY,Malaysia,MALAYSIA Outbound SMS - DiGi,0.09050
MY,Malaysia,MALAYSIA Outbound SMS - Maxis,0.09050
MY,Malaysia,MALAYSIA Outbound SMS - Other,0.09050
MY,Malaysia,MALAYSIA Outbound SMS - Packet One,0.09050
MY,Malaysia,MALAYSIA Outbound SMS - Samata Communications,0.09050
MY,Malaysia,MALAYSIA Outbound SMS - Telekom Malaysia,0.09050
MY,Malaysia,MALAYSIA Outbound SMS - Tron,0.09050
MY,Malaysia,MALAYSIA Outbound SMS - Tune Talk,0.09050
MY,Malaysia,MALAYSIA Outbound SMS - U Mobile,0.09050
MY,Malaysia,MALAYSIA Outbound SMS - Yes 4G,0.09050
MZ,Mozambique,MOZAMBIQUE Outbound SMS - Movitel,0.10940
MZ,Mozambique,MOZAMBIQUE Outbound SMS - Other,0.10940
MZ,Mozambique,MOZAMBIQUE Outbound SMS - Vodacom,0.10940
MZ,Mozambique,MOZAMBIQUE Outbound SMS - mCel,0.10940
NA,Namibia,NAMIBIA Outbound SMS - MTC,0.06260
NA,Namibia,NAMIBIA Outbound SMS - Other,0.06260
NA,Namibia,NAMIBIA Outbound SMS - Telecom Namibia,0.06260
NA,Namibia,NAMIBIA Outbound SMS - leo,0.06260
NC,New Caledonia,NEW CALEDONIA Outbound SMS - Mobilis,0.17610
NC,New Caledonia,NEW CALEDONIA Outbound SMS - Other,0.17610
NE,Niger,NIGER Outbound SMS - Airtel,0.29710
NE,Niger,NIGER Outbound SMS - Moov,0.29710
NE,Niger,NIGER Outbound SMS - Orange,0.29710
NE,Niger,NIGER Outbound SMS - Other,0.29710
NF,Norfolk Island,NORFOLK ISLAND Outbound SMS - Norfolk Telecom,0.02817
NG,Nigeria,NIGERIA Outbound SMS - Airtel,0.25200
NG,Nigeria,NIGERIA Outbound SMS - Capcom,0.25200
NG,Nigeria,NIGERIA Outbound SMS - Etisalat,0.25200
NG,Nigeria,NIGERIA Outbound SMS - Glo Mobile,0.25200
NG,Nigeria,NIGERIA Outbound SMS - MTN,0.25200
NG,Nigeria,NIGERIA Outbound SMS - Nitel,0.25200
NG,Nigeria,NIGERIA Outbound SMS - Other,0.25200
NG,Nigeria,NIGERIA Outbound SMS - Visafone,0.25200
NI,Nicaragua,NICARAGUA Outbound SMS - Claro,0.07740
NI,Nicaragua,NICARAGUA Outbound SMS - Other,0.07740
NI,Nicaragua,NICARAGUA Outbound SMS - movistar,0.07740
NL,Netherlands,NETHERLANDS ANTILLES Outbound SMS - Digicel,0.11640
NL,Netherlands,NETHERLANDS ANTILLES Outbound SMS - Other,0.11640
NL,Netherlands,NETHERLANDS ANTILLES Outbound SMS - Telcell,0.11640
NL,Netherlands,NETHERLANDS ANTILLES Outbound SMS - UTS,0.11640
NL,Netherlands,NETHERLANDS Outbound SMS - 6GMOBILE,0.09660
NL,Netherlands,NETHERLANDS Outbound SMS - AT&T,0.09660
NL,Netherlands,NETHERLANDS Outbound SMS - KPN,0.09660
NL,Netherlands,NETHERLANDS Outbound SMS - Lancelot,0.09660
NL,Netherlands,NETHERLANDS Outbound SMS - Lycamobile,0.09660
NL,Netherlands,NETHERLANDS Outbound SMS - Other,0.09660
NL,Netherlands,NETHERLANDS Outbound SMS - Private Mobility,0.09660
NL,Netherlands,NETHERLANDS Outbound SMS - T-Mobile,0.09660
NL,Netherlands,NETHERLANDS Outbound SMS - TELE2 Mobiel,0.09660
NL,Netherlands,NETHERLANDS Outbound SMS - Teleena,0.09660
NL,Netherlands,NETHERLANDS Outbound SMS - Telfort,0.09660
NL,Netherlands,NETHERLANDS Outbound SMS - UPC Nederland,0.09660
NL,Netherlands,NETHERLANDS Outbound SMS - Vodafone,0.09660
NL,Netherlands,NETHERLANDS Outbound SMS - Voiceworks,0.09660
NL,Netherlands,NETHERLANDS Outbound SMS - Ziggo,0.09660
NO,Norway,NORWAY Outbound SMS - Com4,0.06510
NO,Norway,NORWAY Outbound SMS - Jernbaneverket,0.06510
NO,Norway,NORWAY Outbound SMS - NetCom,0.06510
NO,Norway,NORWAY Outbound SMS - Network Norway,0.06510
NO,Norway,NORWAY Outbound SMS - Other,0.06510
NO,Norway,NORWAY Outbound SMS - TDC,0.06510
NO,Norway,NORWAY Outbound SMS - Tele2,0.06510
NO,Norway,NORWAY Outbound SMS - Telenor,0.06510
NO,Norway,NORWAY Outbound SMS - Teletopia,0.06510
NO,Norway,NORWAY Outbound SMS - ice.net,0.06510
NO,Norway,NORWAY Outbound SMS - ventelo,0.06510
NP,Nepal,NEPAL Outbound SMS - Ncell,0.15160
NP,Nepal,NEPAL Outbound SMS - Nepal Telecom,0.15160
NP,Nepal,NEPAL Outbound SMS - Other,0.15160
NP,Nepal,NEPAL Outbound SMS - Smart Cell,0.15160
NU,Niue,NIUE Outbound SMS - Telecom Niue,0.19280
NZ,New Zealand,NEW ZEALAND Outbound SMS - 2degrees,0.10500
NZ,New Zealand,NEW ZEALAND Outbound SMS - Other,0.10500
NZ,New Zealand,NEW ZEALAND Outbound SMS - Telecom,0.10500
NZ,New Zealand,NEW ZEALAND Outbound SMS - Vodafone,0.10500
NZ,New Zealand,NEW ZEALAND Outbound SMS - Woosh,0.10500
OM,Oman,OMAN Outbound SMS - Nawras,0.14290
OM,Oman,OMAN Outbound SMS - Oman Mobile,0.14290
OM,Oman,OMAN Outbound SMS - Other,0.14290
PA,Panama,PANAMA Outbound SMS - Claro,0.17320
PA,Panama,PANAMA Outbound SMS - Digicel,0.17320
PA,Panama,PANAMA Outbound SMS - Mas Movil,0.17320
PA,Panama,PANAMA Outbound SMS - Other,0.17320
PA,Panama,PANAMA Outbound SMS - movistar,0.17320
PE,Peru,PERU Outbound SMS - Claro,0.10000
PE,Peru,PERU Outbound SMS - Entel,0.10000
PE,Peru,PERU Outbound SMS - Other,0.10000
PE,Peru,PERU Outbound SMS - movistar,0.10000
PE,Peru,Peru Outbound SMS - Viettel,0.10000
PF,French Polynesia,FRENCH POLYNESIA Outbound SMS - Other,0.17970
PF,French Polynesia,FRENCH POLYNESIA Outbound SMS - Pacfic Mobile Telecom,0.17970
PF,French Polynesia,FRENCH POLYNESIA Outbound SMS - VINI,0.17970
PG,Papua New Guinea,PAPUA NEW GUINEA Outbound SMS - Digicel,0.75440
PG,Papua New Guinea,PAPUA NEW GUINEA Outbound SMS - Other,0.75440
PG,Papua New Guinea,PAPUA NEW GUINEA Outbound SMS - bmobile,0.75440
PH,Philippines,PHILIPPINES Outbound SMS - Globe Telecom,0.16990
PH,Philippines,PHILIPPINES Outbound SMS - Other,0.16990
PH,Philippines,PHILIPPINES Outbound SMS - Smart Communications,0.16990
PH,Philippines,PHILIPPINES Outbound SMS - Sun Cellular,0.16990
PK,Pakistan,PAKISTAN Outbound SMS - Mobilink,0.33100
PK,Pakistan,PAKISTAN Outbound SMS - Other,0.33100
PK,Pakistan,PAKISTAN Outbound SMS - Telenor,0.33100
PK,Pakistan,PAKISTAN Outbound SMS - Ufone,0.33100
PK,Pakistan,PAKISTAN Outbound SMS - Warid,0.33100
PK,Pakistan,PAKISTAN Outbound SMS - ZONG,0.33100
PL,Poland,POLAND Outbound SMS - Aero2,0.04310
PL,Poland,POLAND Outbound SMS - Cyfrowy Polsat,0.04310
PL,Poland,POLAND Outbound SMS - Lycamobile,0.04310
PL,Poland,POLAND Outbound SMS - Mobyland,0.04310
PL,Poland,POLAND Outbound SMS - Netia,0.04310
PL,Poland,POLAND Outbound SMS - Nordisk Polska,0.04310
PL,Poland,POLAND Outbound SMS - Orange,0.04310
PL,Poland,POLAND Outbound SMS - Other,0.04310
PL,Poland,POLAND Outbound SMS - Play,0.04310
PL,Poland,POLAND Outbound SMS - Plus,0.04310
PL,Poland,POLAND Outbound SMS - Sferia,0.04310
PL,Poland,POLAND Outbound SMS - T-Mobile,0.04310
PL,Poland,POLAND Outbound SMS - wRodzinie,0.04310
PM,St Pierre and Miquelon,ST PIERRE AND MIQUELON Outbound SMS - Ameris,0.15070
PR,Puerto Rico,PUERTO RICO Outbound SMS - Other,0.04200
PR,Puerto Rico,PUERTO RICO Outbound SMS - PR Wireless,0.04200
PS,Palestinian Territory,PALESTINE Outbound SMS - Jawwal,0.32670
PS,Palestinian Territory,PALESTINE Outbound SMS - Wataniya,0.32670
PT,Portugal,PORTUGAL Outbound SMS - Lycamobile,0.04730
PT,Portugal,PORTUGAL Outbound SMS - Mundio Mobile,0.04730
PT,Portugal,PORTUGAL Outbound SMS - Optimus,0.04730
PT,Portugal,PORTUGAL Outbound SMS - Other,0.04730
PT,Portugal,PORTUGAL Outbound SMS - TMN,0.04730
PT,Portugal,PORTUGAL Outbound SMS - Vodafone,0.04730
PW,Palau,PALAU Outbound SMS - Palau National Communications Corporation (,0.09980
PY,Paraguay,PARAGUAY Outbound SMS - Claro,0.07300
PY,Paraguay,PARAGUAY Outbound SMS - Other,0.07300
PY,Paraguay,PARAGUAY Outbound SMS - Personal,0.07300
PY,Paraguay,PARAGUAY Outbound SMS - Tigo,0.07300
PY,Paraguay,PARAGUAY Outbound SMS - VOX,0.07300
QA,Qatar,QATAR Outbound SMS - Other,0.16890
QA,Qatar,QATAR Outbound SMS - Q-Tel,0.16890
QA,Qatar,QATAR Outbound SMS - Vodafone,0.16890
QK,Unknown,KOSOVO Outbound SMS - IPKO,0.21140
QK,Unknown,KOSOVO Outbound SMS - Vala,0.21140
QK,Unknown,KOSOVO Outbound SMS - Zmobile,0.21140
RE,Reunion/Mayotte,REUNION Outbound SMS - Orange,0.19110
RE,Reunion/Mayotte,REUNION Outbound SMS - Other,0.19110
RE,Reunion/Mayotte,REUNION Outbound SMS - Outremer,0.19110
RE,Reunion/Mayotte,REUNION Outbound SMS - SFR,0.19110
RO,Romania,ROMANIA Outbound SMS - Cosmote,0.07370
RO,Romania,ROMANIA Outbound SMS - Digi.Mobil,0.07370
RO,Romania,ROMANIA Outbound SMS - Orange,0.07370
RO,Romania,ROMANIA Outbound SMS - Other,0.07370
RO,Romania,ROMANIA Outbound SMS - Romtelecom,0.07370
RO,Romania,ROMANIA Outbound SMS - Vodafone,0.07370
RS,Serbia,SERBIA Outbound SMS - Other,0.24160
RS,Serbia,SERBIA Outbound SMS - Telenor,0.24160
RS,Serbia,SERBIA Outbound SMS - mts,0.24160
RS,Serbia,SERBIA Outbound SMS - vip,0.24160
RU,Russia,RUSSIA Outbound SMS - Beeline,0.70960
RU,Russia,RUSSIA Outbound SMS - Global Telecom,0.70960
RU,Russia,RUSSIA Outbound SMS - MOTIV,0.70960
RU,Russia,RUSSIA Outbound SMS - MTS,0.70960
RU,Russia,RUSSIA Outbound SMS - MTT,0.70960
RU,Russia,RUSSIA Outbound SMS - MegaFon,0.70960
RU,Russia,RUSSIA Outbound SMS - Other,0.70960
RU,Russia,RUSSIA Outbound SMS - SMARTS,0.70960
RU,Russia,RUSSIA Outbound SMS - SkyLink,0.70960
RU,Russia,RUSSIA Outbound SMS - Tele2,0.70960
RU,Russia,RUSSIA Outbound SMS - Yota,0.70960
RU,Russia,RUSSIA Outbound SMS -TMT,0.70960
RW,Rwanda,RWANDA Outbound SMS - Airtel,0.18490
RW,Rwanda,RWANDA Outbound SMS - MTN,0.18490
RW,Rwanda,RWANDA Outbound SMS - Other,0.18490
RW,Rwanda,RWANDA Outbound SMS - Rwandatel,0.18490
RW,Rwanda,RWANDA Outbound SMS - Tigo,0.18490
SA,Saudi Arabia,SAUDI ARABIA Outbound SMS - Jawwal,0.10000
SA,Saudi Arabia,SAUDI ARABIA Outbound SMS - Lebara,0.10000
SA,Saudi Arabia,SAUDI ARABIA Outbound SMS - Mobily,0.10000
SA,Saudi Arabia,SAUDI ARABIA Outbound SMS - Other,0.10000
SA,Saudi Arabia,SAUDI ARABIA Outbound SMS - PTC,0.10000
SA,Saudi Arabia,SAUDI ARABIA Outbound SMS - STC,0.10000
SA,Saudi Arabia,SAUDI ARABIA Outbound SMS - Sader Al-Iraq,0.10000
SA,Saudi Arabia,SAUDI ARABIA Outbound SMS - Zain,0.10000
SB,Solomon Islands,SOLOMON ISLANDS Outbound SMS - Solomon Telekom Company,0.08300
SB,Solomon Islands,SOLOMON ISLANDS Outbound SMS - bmobile,0.08300
SC,Seychelles,SEYCHELLES Outbound SMS - Airtel,0.03720
SC,Seychelles,SEYCHELLES Outbound SMS - Cable and Wireless,0.03720
SC,Seychelles,SEYCHELLES Outbound SMS - Other,0.03720
SC,Seychelles,SEYCHELLES Outbound SMS - Smartcom,0.03720
SD,Sudan,SOUTH SUDAN Outbound SMS - MTN,0.15300
SD,Sudan,SOUTH SUDAN Outbound SMS - Other,0.15300
SD,Sudan,SOUTH SUDAN Outbound SMS - Vivacell,0.15300
SD,Sudan,SOUTH SUDAN Outbound SMS - Zain,0.15300
SD,Sudan,SUDAN Outbound SMS - MTN,0.30430
SD,Sudan,SUDAN Outbound SMS - Other,0.30430
SD,Sudan,SUDAN Outbound SMS - Sudani,0.30430
SD,Sudan,SUDAN Outbound SMS - Vivacell,0.30430
SD,Sudan,SUDAN Outbound SMS - Zain,0.30430
SE,Sweden,SWEDEN Outbound SMS - 3,0.05780
SE,Sweden,SWEDEN Outbound SMS - Fogg Mobile,0.05780
SE,Sweden,SWEDEN Outbound SMS - Fourtytwo Telecom,0.05780
SE,Sweden,SWEDEN Outbound SMS - Gotalandsnatet,0.05780
SE,Sweden,SWEDEN Outbound SMS - Limitless,0.05780
SE,Sweden,SWEDEN Outbound SMS - Lycamobile,0.05780
SE,Sweden,SWEDEN Outbound SMS - Maingate,0.05780
SE,Sweden,SWEDEN Outbound SMS - Mundio Mobile,0.05780
SE,Sweden,SWEDEN Outbound SMS - Other,0.05780
SE,Sweden,SWEDEN Outbound SMS - Tele2,0.05780
SE,Sweden,SWEDEN Outbound SMS - Telenor,0.05780
SE,Sweden,SWEDEN Outbound SMS - Telia,0.05780
SE,Sweden,SWEDEN Outbound SMS - Ventelo,0.05780
SE,Sweden,SWEDEN Outbound SMS - Voxbone,0.05780
SG,Singapore,SINGAPORE Outbound SMS - Circles,0.04150
SG,Singapore,SINGAPORE Outbound SMS - M1,0.04150
SG,Singapore,SINGAPORE Outbound SMS - Other,0.04150
SG,Singapore,SINGAPORE Outbound SMS - SingTel,0.04150
SG,Singapore,SINGAPORE Outbound SMS - StarHub,0.04150
SI,Slovenia,SLOVENIA Outbound SMS - Mobitel,0.14910
SI,Slovenia,SLOVENIA Outbound SMS - Other,0.14910
SI,Slovenia,SLOVENIA Outbound SMS - Si.mobil,0.14910
SI,Slovenia,SLOVENIA Outbound SMS - T-2,0.14910
SI,Slovenia,SLOVENIA Outbound SMS - TuaÃ…Â­obil,0.14910
SK,Slovakia,SLOVAKIA Outbound SMS - O2,0.08830
SK,Slovakia,SLOVAKIA Outbound SMS - Orange,0.08830
SK,Slovakia,SLOVAKIA Outbound SMS - Other,0.08830
SK,Slovakia,SLOVAKIA Outbound SMS - Swan,0.08830
SK,Slovakia,SLOVAKIA Outbound SMS - Telekom,0.08830
SL,Sierra Leone,SIERRA LEONE Outbound SMS - Africell,0.18770
SL,Sierra Leone,SIERRA LEONE Outbound SMS - Airtel,0.18770
SL,Sierra Leone,SIERRA LEONE Outbound SMS - Comium,0.18770
SL,Sierra Leone,SIERRA LEONE Outbound SMS - Datatel,0.18770
SL,Sierra Leone,SIERRA LEONE Outbound SMS - Mobitel,0.18770
SL,Sierra Leone,SIERRA LEONE Outbound SMS - Other,0.18770
SL,Sierra Leone,SIERRA LEONE Outbound SMS - Tigo,0.18770
SM,San Marino,SAN MARINO Outbound SMS - Other,0.10960
SM,San Marino,SAN MARINO Outbound SMS - Prima,0.10960
SN,Senegal,SENEGAL Outbound SMS - Expresso,0.20440
SN,Senegal,SENEGAL Outbound SMS - Orange,0.20440
SN,Senegal,SENEGAL Outbound SMS - Other,0.20440
SN,Senegal,SENEGAL Outbound SMS - Tigo,0.20440
SO,Somalia,SOMALIA Outbound SMS - Golis Telecom Somalia,0.18790
SO,Somalia,SOMALIA Outbound SMS - Hormuud Telecom,0.18790
SO,Somalia,SOMALIA Outbound SMS - Nationlink,0.18790
SO,Somalia,SOMALIA Outbound SMS - Other,0.18790
SO,Somalia,SOMALIA Outbound SMS - SOMAFONE,0.18790
SO,Somalia,SOMALIA Outbound SMS - Somtel,0.18790
SO,Somalia,SOMALIA Outbound SMS - Telcom Mobile,0.18790
SO,Somalia,SOMALIA Outbound SMS - Telesom,0.18790
SR,Suriname,SURINAME Outbound SMS - Digicel,0.13010
SR,Suriname,SURINAME Outbound SMS - Other,0.13010
SR,Suriname,SURINAME Outbound SMS - Telesur,0.13010
SR,Suriname,SURINAME Outbound SMS - UNIQA,0.13010
ST,Sao Tome and Principe,SAO TOME AND PRINCIPE Outbound SMS - CST,0.13070
ST,Sao Tome and Principe,SAO TOME AND PRINCIPE Outbound SMS - Other,0.13070
ST,Sao Tome and Principe,SAO TOME AND PRINCIPE Outbound SMS - STP ,0.13070
SV,El Salvador,EL SALVADOR Outbound SMS - Claro,0.09720
SV,El Salvador,EL SALVADOR Outbound SMS - Digicel,0.09720
SV,El Salvador,EL SALVADOR Outbound SMS - Other,0.09720
SV,El Salvador,EL SALVADOR Outbound SMS - Tigo,0.09720
SV,El Salvador,EL SALVADOR Outbound SMS - movistar,0.09720
SY,Syria,SYRIA Outbound SMS - MTN,0.31180
SY,Syria,SYRIA Outbound SMS - Other,0.31180
SY,Syria,SYRIA Outbound SMS - Syriatel,0.31180
SZ,Swaziland,SWAZILAND Outbound SMS - MTN,0.09190
SZ,Swaziland,SWAZILAND Outbound SMS - Other,0.09190
TC,Turks and Caicos Islands,TURKS & CAICOS Outbound SMS - Digicel,0.13410
TC,Turks and Caicos Islands,TURKS & CAICOS Outbound SMS - LIME,0.13410
TC,Turks and Caicos Islands,TURKS & CAICOS Outbound SMS - Other,0.13410
TC,Turks and Caicos Islands,TURKS AND CAICOS ISLANDS Outbound SMS - Islandcom Wireless,0.13410
TD,Chad,CHAD Outbound SMS - Airtel,0.28970
TD,Chad,CHAD Outbound SMS - Other,0.28970
TD,Chad,CHAD Outbound SMS - Tigo,0.28970
TG,Togo,TOGO Outbound SMS - Moov,0.15230
TG,Togo,TOGO Outbound SMS - Other,0.15230
TG,Togo,TOGO Outbound SMS - Togocel,0.15230
TH,Thailand,THAILAND Outbound SMS - AIS,0.03050
TH,Thailand,THAILAND Outbound SMS - CAT CDMA,0.03050
TH,Thailand,THAILAND Outbound SMS - DTAC,0.03050
TH,Thailand,THAILAND Outbound SMS - GSM 1800,0.03050
TH,Thailand,THAILAND Outbound SMS - MY,0.03050
TH,Thailand,THAILAND Outbound SMS - Other,0.03050
TH,Thailand,THAILAND Outbound SMS - TOT 3G,0.03050
TH,Thailand,THAILAND Outbound SMS - True Move,0.03050
TJ,Tajikistan,TAJIKISTAN Outbound SMS - Babilon Mobile,0.45050
TJ,Tajikistan,TAJIKISTAN Outbound SMS - Beeline,0.45050
TJ,Tajikistan,TAJIKISTAN Outbound SMS - Indigo,0.45050
TJ,Tajikistan,TAJIKISTAN Outbound SMS - MLT,0.45050
TJ,Tajikistan,TAJIKISTAN Outbound SMS - Other,0.45050
TJ,Tajikistan,TAJIKISTAN Outbound SMS - Somoncom,0.45050
TL,East Timor,TIMOR Outbound SMS - Other,0.11350
TL,East Timor,TIMOR-LESTE Outbound SMS - Telemor,0.11350
TL,East Timor,TIMOR-LESTE Outbound SMS - Telin,0.11350
TL,East Timor,TIMOR-LESTE Outbound SMS - Timor Telecom,0.11350
TM,Turkmenistan,TURKMENISTAN Outbound SMS - TM Cell,0.20000
TN,Tunisia,TUNISIA Outbound SMS - Orange,0.28030
TN,Tunisia,TUNISIA Outbound SMS - Other,0.28030
TN,Tunisia,TUNISIA Outbound SMS - Tunicell,0.28030
TN,Tunisia,TUNISIA Outbound SMS - Tunisiana,0.28030
TO,Tonga,TONGA Outbound SMS  - Tonfon,0.12450
TO,Tonga,TONGA Outbound SMS - Digicel,0.12450
TO,Tonga,TONGA Outbound SMS - Other,0.12450
TO,Tonga,TONGA Outbound SMS - U-Call,0.12450
TR,Turkey,TURKEY Outbound SMS - Avea,0.03050
TR,Turkey,TURKEY Outbound SMS - Other,0.03050
TR,Turkey,TURKEY Outbound SMS - Turkcell,0.03050
TR,Turkey,TURKEY Outbound SMS - Vodafone,0.03050
TT,Trinidad and Tobago,TRINIDAD AND TOBAGO Outbound SMS - Digicel,0.12980
TT,Trinidad and Tobago,TRINIDAD AND TOBAGO Outbound SMS - Other,0.12980
TT,Trinidad and Tobago,TRINIDAD AND TOBAGO Outbound SMS - bMobile,0.12980
TV,Tuvalu,TUVALU Outbound SMS - Tuvalu Telecommunications Corporation,0.13320
TW,Taiwan,TAIWAN Outbound SMS - APT,0.05670
TW,Taiwan,TAIWAN Outbound SMS - Chunghwa Telecom,0.05670
TW,Taiwan,TAIWAN Outbound SMS - FarEasTone,0.05670
TW,Taiwan,TAIWAN Outbound SMS - Other,0.05670
TW,Taiwan,TAIWAN Outbound SMS - Taiwan Mobile,0.05670
TW,Taiwan,TAIWAN Outbound SMS - VIBO,0.05670
TZ,Tanzania,TANZANIA Outbound SMS - Airtel,0.21360
TZ,Tanzania,TANZANIA Outbound SMS - Benson Informatics,0.21360
TZ,Tanzania,TANZANIA Outbound SMS - Excellentcom,0.21360
TZ,Tanzania,TANZANIA Outbound SMS - Other,0.21360
TZ,Tanzania,TANZANIA Outbound SMS - Sasatel,0.21360
TZ,Tanzania,TANZANIA Outbound SMS - SmileCom,0.21360
TZ,Tanzania,TANZANIA Outbound SMS - TTCL Mobile,0.21360
TZ,Tanzania,TANZANIA Outbound SMS - Tigo,0.21360
TZ,Tanzania,TANZANIA Outbound SMS - Vodacom,0.21360
TZ,Tanzania,TANZANIA Outbound SMS - Zantel,0.21360
UA,Ukraine,UKRAINE Outbound SMS - Beeline,0.14700
UA,Ukraine,UKRAINE Outbound SMS - Golden Telecom,0.14700
UA,Ukraine,UKRAINE Outbound SMS - ITC,0.14700
UA,Ukraine,UKRAINE Outbound SMS - Intertelecom,0.14700
UA,Ukraine,UKRAINE Outbound SMS - Kyivstar,0.14700
UA,Ukraine,UKRAINE Outbound SMS - MTS,0.14700
UA,Ukraine,UKRAINE Outbound SMS - Other,0.14700
UA,Ukraine,UKRAINE Outbound SMS - Telesystems,0.14700
UA,Ukraine,UKRAINE Outbound SMS - TriMob,0.14700
UA,Ukraine,UKRAINE Outbound SMS - life:),0.14700
UG,Uganda,UGANDA Outbound SMS - Airtel,0.21220
UG,Uganda,UGANDA Outbound SMS - MTN,0.21220
UG,Uganda,UGANDA Outbound SMS - Orange,0.21220
UG,Uganda,UGANDA Outbound SMS - Other,0.21220
UG,Uganda,UGANDA Outbound SMS - UT Mobile,0.21220
UG,Uganda,UGANDA Outbound SMS - Vodafone,0.21220
UG,Uganda,UGANDA Outbound SMS - Warid,0.21220
US,United States,UNITED STATES Inbound SMS - T-Mobile,0.00790
US,United States,UNITED STATES Outbound SMS - AT&T,0.00790
US,United States,UNITED STATES Outbound SMS - Other,0.00790
US,United States,UNITED STATES Outbound SMS - T-Mobile,0.00790
UY,Uruguay,URUGUAY Outbound SMS - Antel,0.08520
UY,Uruguay,URUGUAY Outbound SMS - Claro,0.08520
UY,Uruguay,URUGUAY Outbound SMS - Other,0.08520
UY,Uruguay,URUGUAY Outbound SMS - movistar,0.08520
UZ,Uzbekistan,UZBEKISTAN Outbound SMS - Beeline,0.38280
UZ,Uzbekistan,UZBEKISTAN Outbound SMS - Other,0.38280
UZ,Uzbekistan,UZBEKISTAN Outbound SMS - Perfectum,0.38280
UZ,Uzbekistan,UZBEKISTAN Outbound SMS - Ucell,0.38280
UZ,Uzbekistan,UZBEKISTAN Outbound SMS - Uzdunrobita,0.38280
UZ,Uzbekistan,UZBEKISTAN Outbound SMS - Uzmobile,0.38280
VC,St Vincent Grenadines,ST. VINCENT & GRENADINES Outbound SMS - Digicel,0.16170
VC,St Vincent Grenadines,ST. VINCENT & GRENADINES Outbound SMS - LIME,0.16170
VC,St Vincent Grenadines,ST. VINCENT & GRENADINES Outbound SMS - Other,0.16170
VE,Venezuela,VENEZUELA Outbound SMS - Digitel,0.08520
VE,Venezuela,VENEZUELA Outbound SMS - Movilnet,0.08520
VE,Venezuela,VENEZUELA Outbound SMS - Other,0.08520
VE,Venezuela,VENEZUELA Outbound SMS - movistar,0.08520
VG,"Virgin Islands, British",BRITISH VIRGIN ISLANDS Outbound SMS - CCT,0.18750
VG,"Virgin Islands, British",BRITISH VIRGIN ISLANDS Outbound SMS - Digicel,0.18750
VG,"Virgin Islands, British",BRITISH VIRGIN ISLANDS Outbound SMS - LIME,0.18750
VG,"Virgin Islands, British",BRITISH VIRGIN ISLANDS Outbound SMS - Other,0.18750
VI,"Virgin Islands, U.S.",US VIRGIN ISLANDS Outbound SMS,0.02000
VN,Vietnam,VIETNAM Outbound SMS - Beeline,0.15520
VN,Vietnam,VIETNAM Outbound SMS - EVNTelecom,0.15520
VN,Vietnam,VIETNAM Outbound SMS - MobiFone,0.15520
VN,Vietnam,VIETNAM Outbound SMS - Other,0.15520
VN,Vietnam,VIETNAM Outbound SMS - S-Fone,0.15520
VN,Vietnam,VIETNAM Outbound SMS - Vietnamobile,0.15520
VN,Vietnam,VIETNAM Outbound SMS - Viettel Mobile,0.15520
VN,Vietnam,VIETNAM Outbound SMS - Vinaphone,0.15520
VU,Vanuatu,VANUATU Outbound SMS - AIL Vanuatu,0.16570
VU,Vanuatu,VANUATU Outbound SMS - Digicel Vanuatu,0.16570
VU,Vanuatu,VANUATU Outbound SMS - Other,0.16570
VU,Vanuatu,VANUATU Outbound SMS - TVL,0.16570
WF,Wallis and Futuna,WALLIS AND FUTUNA Outbound SMS - Other,0.11000
WS,Samoa,SAMOA Outbound SMS - Digicel,0.18560
WS,Samoa,SAMOA Outbound SMS - Other,0.18560
WS,Samoa,SAMOA Outbound SMS - SamoaTel,0.18560
YE,Yemen,YEMEN Outbound SMS - HiTS-UNITEL,0.23910
YE,Yemen,YEMEN Outbound SMS - Other,0.23910
YE,Yemen,YEMEN Outbound SMS - Sabafon,0.23910
YE,Yemen,YEMEN Outbound SMS - Spacetel Yemen,0.23910
YE,Yemen,YEMEN Outbound SMS - Yemen Mobile,0.23910
ZA,South Africa,SOUTH AFRICA Outbound SMS - 8ta,0.02840
ZA,South Africa,SOUTH AFRICA Outbound SMS - Cell C,0.02840
ZA,South Africa,SOUTH AFRICA Outbound SMS - MTN,0.02840
ZA,South Africa,SOUTH AFRICA Outbound SMS - Other,0.02840
ZA,South Africa,SOUTH AFRICA Outbound SMS - Vodacom,0.02840
ZM,Zambia,ZAMBIA Outbound SMS - Airtel,0.26830
ZM,Zambia,ZAMBIA Outbound SMS - MTN,0.26830
ZM,Zambia,ZAMBIA Outbound SMS - Other,0.26830
ZM,Zambia,ZAMBIA Outbound SMS - ZAMTEL,0.26830
ZW,Zimbabwe,ZIMBABWE Outbound SMS - Econet Wireless,0.14070
ZW,Zimbabwe,ZIMBABWE Outbound SMS - NetOne,0.14070
ZW,Zimbabwe,ZIMBABWE Outbound SMS - Other,0.14070
ZW,Zimbabwe,ZIMBABWE Outbound SMS - Telecel,0.14070
